{"cameraMode":{"drawMode":0,"name":"Shaded","section":"Shading Mode"},"sceneLighting":true,"audioPlay":false,"sceneViewState":{"showFog":true,"showMaterialUpdate":false,"showSkybox":true,"showFlares":true,"showImageEffects":true,"showParticleSystems":true},"in2DMode":false,"pivot":{"x":0.1406078338623047,"y":0.8488669395446777,"z":-0.6572942733764648},"rotation":{"x":-0.06808626651763916,"y":0.9163974523544312,"z":-0.1770109087228775,"w":-0.3524872064590454},"size":11.925186157226563,"orthographic":false}