{"cameraMode":{"drawMode":0,"name":"Shaded","section":"Shading Mode"},"sceneLighting":true,"audioPlay":false,"sceneViewState":{"showFog":true,"showMaterialUpdate":false,"showSkybox":true,"showFlares":true,"showImageEffects":true,"showParticleSystems":true},"in2DMode":false,"pivot":{"x":10.528396606445313,"y":-2.3536365032196047,"z":2.9902443885803224},"rotation":{"x":0.1485426127910614,"y":-0.8365160226821899,"z":0.2767585515975952,"w":0.4489775002002716},"size":35.53646469116211,"orthographic":false}