{"cameraMode":{"drawMode":0,"name":"Shaded","section":"Shading Mode"},"sceneLighting":true,"audioPlay":false,"sceneViewState":{"showFog":true,"showMaterialUpdate":false,"showSkybox":true,"showFlares":true,"showImageEffects":true,"showParticleSystems":true},"in2DMode":false,"pivot":{"x":29.933164596557618,"y":-31.631290435791017,"z":38.909027099609378},"rotation":{"x":0.3349210321903229,"y":-0.15588684380054475,"z":0.05628708750009537,"w":0.9275553822517395},"size":94.97409057617188,"orthographic":false}